setting,r,analytic,mc_mean,mc_sem,t
$w\equiv1$,0.35,-0.12596,-0.12533,0.000302,2.07
$w\equiv1$,0.55,-0.06921,-0.06888,0.000275,1.18
$w\equiv1$,0.75,-0.01551,-0.01546,0.000340,0.13
$w\equiv1$,0.95,0.03546,0.03570,0.000343,0.71
$w\equiv1$,1.20,0.09571,0.09507,0.000290,-2.20
$w\equiv1$,1.50,0.16353,0.16412,0.000347,1.69
$\eta=0.3$,0.35,-0.16840,-0.16855,0.000274,-0.56
$\eta=0.3$,0.55,-0.11347,-0.11357,0.000327,-0.28
$\eta=0.3$,0.75,-0.06141,-0.06124,0.000303,0.53
$\eta=0.3$,0.95,-0.01192,-0.01181,0.000320,0.33
$\eta=0.3$,1.20,0.04669,0.04649,0.000340,-0.59
$\eta=0.3$,1.50,0.11276,0.11285,0.000273,0.31
