site,q_J,q_P,r_eta0,r_eta0.25,r_eta0.5,breakeven_eta
"Bronx, NY",0.0188,0.0262,0.9833,0.9607,0.9385,never
"San Diego, CA",0.0231,0.0318,1.0042,0.9760,0.9484,0.037
"Miami-Dade, FL",0.0185,0.0300,0.9857,0.9625,0.9396,never
"Los Angeles, CA",0.0206,0.0490,1.0098,0.9801,0.9510,0.082
"Harris (Houston), TX",0.0248,0.0586,1.0351,0.9986,0.9629,0.240
"Monongalia, WV",0.0294,0.0260,1.0229,0.9898,0.9573,0.172
"Essex (Newark), NJ",0.0318,0.0526,1.0569,1.0145,0.9731,0.337
"Philadelphia, PA",0.0363,0.0886,1.1124,1.0544,0.9985,0.493
"Baltimore City, MD",0.0385,0.1067,1.1426,1.0760,1.0121,0.549
