Bureau of Justice Statistics,,,,,,,,,,,,,
Filename: hivp15stf1,,,,,,,,,,,,,
"Figure 1. Number of prisoners who had HIV and rate of HIV per 100,000 in the custody of state and federal correctional authorities, 1991–2015 ",,,,,,,,,,,,,
"Report title: HIV in Prisons, 2015 - Statistical Tables",,,,,,,,,,,,,
"Data source:  Bureau of Justice Statistics, National Prisoner Statistics Program, 1991–2015.",,,,,,,,,,,,,
"Authors: Laura M. Maruschak and Jennifer Bronson, Ph.D., BJS Statisticians
",,,,,,,,,,,,,
Refer questions to: askbjs@usdoj.gov 202-307-0765,,,,,,,,,,,,,
Date of release: 08/24/2017,,,,,,,,,,,,,
,,,,,,,,,,,,,
"Figure 1. Number of prisoners who had HIV and rate of HIV per 100,000 in the custody of state and federal correctional authorities, 1991–2015",,,,,,,,,,,,,
,,,,,,,,,,,,,
,"Rate per 100,000 state and federal prisoners",,,,,,,,,,,,
Yearend,Rate ,Federal,,,,,,,,,,,
1991,630,17050,,,,,,,,,,,
1992,867,20150,,,,,,,,,,,
1993,959,20860,,,,,,,,,,,
1994,964,22090,,,,,,,,,,,
1995,822,23690,,,,,,,,,,,
1996,947,23350,,,,,,,,,,,
1997,1030,23400,,,,,,,,,,,
1998,1066,24910,,,,,,,,,,,
1999,1156,24790,,,,,,,,,,,
2000,1302,24210,,,,,,,,,,,
2001,1520,22710,,,,,,,,,,,
2002,1547,22570,,,,,,,,,,,
2003,1631,22290,,,,,,,,,,,
2004,1680,21480,,,,,,,,,,,
2005,1592,21320,,,,,,,,,,,
2006,1530,21190,,,,,,,,,,,
2007,1679,20320,,,,,,,,,,,
2008,1538,20240,,,,,,,,,,,
2009,1590,19460,,,,,,,,,,,
2010,1578,18710,,,,,,,,,,,
2011,1610,18140,,,,,,,,,,,
2012,1601,17570,,,,,,,,,,,
2013,1608,17380,,,,,,,,,,,
2014,1564,16170,,,,,,,,,,,
2015,1536,15610,,,,,,,,,,,
Note: Includes inmates in the custody of state and federal prison authorities that were known to be HIV-positive or had confirmed AIDS. See appendix table 1 for estimates.,,,,,,,,,,,,,
"Source: Bureau of Justice Statistics, National Prisoner Statistics Program, 1991–2015.",,,,,,,,,,,,,
