Bureau of Justice Statistics,,,,,,
Filename: hivpstt1,,,,,,
"Table 1. Estimated number of prisoners who had HIV in the custody of state and federal correctional authorities, by sex, 2010–2015",,,,,,
"Report title: HIV in Prisons, 2015 - Statistical Tables
",,,,,,
"Data source:  Bureau of Justice Statistics, National Prisoner Statistics Program, 2010–2015.",,,,,,
"Authors:Laura M. Maruschak and Jennifer Bronson, Ph.D., BJS Statisticians
",,,,,,
Refer questions to: askbjs@usdoj.gov 202-307-0765,,,,,,
Date of release: 08/24/17,,,,,,
,,,,,,
"Table 1. Estimated number of prisoners who had HIV in the custody of state and federal correctional authorities, by sex, 2010–2015",,,,,,
,Male,,,Female,,
Yearend,Number,Percent,,Number ,Percent,
2010,"18,510",1.4,%,"1,780",1.8,%
2011,"18,190",1.4,,"1,550",1.6,
2012,"17,680",1.4,,"1,490",1.6,
2013,"17,590",1.4,,"1,410",1.5,
2014,"16,410",1.3,,"1,330",1.4,
2015,"15,920",1.3,,"1,220",1.3,
Note: Estimates are rounded. Percentages are based on unrounded counts. Includes inmates in the custody of state and federal prison authorities that were known to be HIV-positive or had confirmed AIDS. See appendix table 4 for jurisdiction-level data and appendix table 11 for denominators used to calculate percentages. See Methodology.,,,,,,
"Source: Bureau of Justice Statistics, National Prisoner Statistics Program, 2010–2015.",,,,,,
