Bureau of Justice Statistics,,,,,,,,,,,,,,,,,,,,,,,
Filename: hivpstat4,,,,,,,,,,,,,,,,,,,,,,,
"Appendix table 4. Estimated number of prisoners who had HIV in the custody of state and federal correctional authorities, by sex and jurisdiction, 2010–2015",,,,,,,,,,,,,,,,,,,,,,,
"Report title: HIV in Prisons, 2015 - Statistical Tables
",,,,,,,,,,,,,,,,,,,,,,,
"Data source: Bureau of Justice Statistics, National Prisoner Statistics Program, 2010–2015.",,,,,,,,,,,,,,,,,,,,,,,
"Authors:Laura M. Maruschak and Jennifer Bronson, Ph.D., BJS Statisticians
",,,,,,,,,,,,,,,,,,,,,,,
Refer questions to: askbjs@usdoj.gov 202-307-0765,,,,,,,,,,,,,,,,,,,,,,,
Date of release: 08/24/17,,,,,,,,,,,,,,,,,,,,,,,
,,,,,,,,,,,,,,,,,,,,,,,
"Appendix table 4. Estimated number of prisoners who had HIV in the custody of state and federal correctional authorities, by sex and jurisdiction, 2010–2015",,,,,,,,,,,,,,,,,,,,,,,
,,,,,,,,,,,,,,,,,,,,,,,
,Male,,,,,,,Female,,,,,,,,,,,,,,,
Jurisdiction,2010,2011,2012,2013,2014,2015,,2010,2011,2012,2013,2014,2015,,,,,,,,,,
"U.S. total/a,b","18,510","18,190","17,680","17,590","16,410","15,920",,"1,780","1,550","1,490","1,410","1,330","1,220",,,,,,,,,,
Federal/c,"1,498","1,528","1,518","1,529","1,483","1,461",,80,82,83,79,81,75,,,,,,,,,,
State/a,"17,010","16,670","16,160","16,060","14,920","14,460",,"1,700","1,470","1,410","1,330","1,250","1,150",,,,,,,,,,
Alabama,236,256,255,253,257,221,,16,18,11,13,13,11,,,,,,,,,,
Arizona,154,148,162,215,194,205,,10,17,19,23,21,17,,,,,,,,,,
Arkansas,121,105,97,102,115,122,,7,5,8,13,5,6,,,,,,,,,,
California,"1,023","1,102","1,030","1,107","1,004",955,,75,63,59,59,59,30,,,,,,,,,,
Colorado,159,181,182,145,158,145,,22,17,19,14,13,12,,,,,,,,,,
Connecticut/d,261,276,223,222,221,207,,40,25,26,29,23,23,,,,,,,,,,
Delaware/d,65,67,74,27,71,64,,8,9,7,7,4,2,,,,,,,,,,
Florida,"2,636","2,435","2,357","2,588","2,332","2,354",,284,244,226,247,224,217,,,,,,,,,,
Georgia,832,827,821,811,787,699,,80,76,70,60,55,64,,,,,,,,,,
Hawaii/d,14,16,12,15,14,13,,4,5,1,1,0,5,,,,,,,,,,
Idaho,16,/,12,/,8,30,,4,/,2,/,2,2,,,,,,,,,,
Illinois,439,418,/,549,621,626,,48,39,/,56,60,60,,,,,,,,,,
Iowa,31,36,34,38,27,23,,5,1,3,3,2,0,,,,,,,,,,
Kansas,29,55,5,1,4,36,,4,6,0,0,0,8,,,,,,,,,,
Kentucky,78,57,83,72,80,59,,9,5,8,6,7,7,,,,,,,,,,
Louisiana,599,502,505,558,540,501,,66,34,27,42,33,26,,,,,,,,,,
Maine,15,3,11,12,15,15,,0,0,0,1,1,1,,,,,,,,,,
Maryland,658,512,442,442,407,391,,64,60,43,43,32,19,,,,,,,,,,
Massachusetts,192,195,180,164,157,140,,14,13,6,10,8,10,,,,,,,,,,
Michigan,231,400,343,335,313,313,,2,28,27,29,27,27,,,,,,,,,,
Minnesota,43,47,63,95,64,42,,4,3,7,7,4,6,,,,,,,,,,
Mississippi,221,232,247,245,245,198,,33,23,40,23,23,14,,,,,,,,,,
Missouri,259,273,280,270,265,264,,14,19,15,15,15,16,,,,,,,,,,
Montana,7,17,10,9,7,/,,0,1,1,0,0,/,,,,,,,,,,
Nebraska,19,20,21,20,27,22,,1,0,1,1,2,2,,,,,,,,,,
Nevada,118,106,99,/,/,/,,15,17,16,/,/,/,,,,,,,,,,
New Hampshire,12,4,5,8,10,10,,0,0,0,1,0,0,,,,,,,,,,
New Jersey,389,348,282,241,219,195,,31,24,21,24,19,19,,,,,,,,,,
New Mexico,27,34,28,24,28,27,,0,3,1,1,1,3,,,,,,,,,,
New York,"2,820","2,760","2,710","2,400","1,700","1,680",,260,250,240,180,150,140,,,,,,,,,,
North Carolina,650,643,662,561,536,471,,70,49,56,44,43,29,,,,,,,,,,
North Dakota,9,1,1,3,2,3,,0,0,1,1,0,0,,,,,,,,,,
Ohio,355,350,369,378,404,384,,26,26,29,27,17,8,,,,,,,,,,
Oklahoma,146,129,128,124,137,141,,9,8,3,12,4,10,,,,,,,,,,
Oregon,59,58,60,57,58,60,,4,2,3,3,0,2,,,,,,,,,,
Pennsylvania,629,653,636,571,594,581,,74,53,59,33,37,45,,,,,,,,,,
Rhode Island/d,40,32,33,27,29,22,,7,0,2,5,3,3,,,,,,,,,,
South Carolina,388,363,309,321,297,305,,24,24,19,19,21,12,,,,,,,,,,
South Dakota,9,11,9,8,12,12,,2,1,2,1,1,1,,,,,,,,,,
Tennessee,199,196,207,199,241,197,,20,17,19,10,8,20,,,,,,,,,,
Texas,"2,153","2,089","1,994","2,048","1,943","1,905",,241,231,206,186,186,177,,,,,,,,,,
Utah,30,21,21,21,24,37,,5,3,3,3,4,7,,,,,,,,,,
Vermont/d,3,7,6,6,6,5,,0,0,0,0,0,0,,,,,,,,,,
Virginia,275,281,258,270,285,315,,31,26,21,23,46,40,,,,,,,,,,
Washington,70,66,69,70,61,65,,5,5,6,8,7,6,,,,,,,,,,
West Virginia,23,17,28,38,23,21,,2,1,1,2,1,1,,,,,,,,,,
Wisconsin,93,115,129,92,96,87,,35,5,6,2,7,4,,,,,,,,,,
Wyoming,4,6,2,3,6,12,,1,0,0,0,0,0,,,,,,,,,,
Note: Alaska and Indiana did not report data in all 6 years. Includes inmates in the custody of state and federal prison authorities that were known to be HIV-positive or had confirmed AIDS. See appendix table 11 for denominators to calculate rates.,,,,,,,,,,,,,,,,,,,,,,,
/Not reported. ,,,,,,,,,,,,,,,,,,,,,,,
a/Includes estimates of the number of prisoners who had HIV. See Methodology.,,,,,,,,,,,,,,,,,,,,,,,
b/Rounded to the nearest 10 after unrounded counts were added.,,,,,,,,,,,,,,,,,,,,,,,
"c/As of December 31, 2001, sentenced felons from the District of Columbia were the responsibility of the Federal Bureau of Prisons; therefore, specific counts for the District of Columbia are not included in this table.",,,,,,,,,,,,,,,,,,,,,,,
d/Prisons and jails form one integrated system. Data include total jail and prison populations.,,,,,,,,,,,,,,,,,,,,,,,
"Source: Bureau of Justice Statistics, National Prisoner Statistics Program, 2010–2015.",,,,,,,,,,,,,,,,,,,,,,,
