Bureau of Justice Statistics,,
Filename: hivp20stt04.csv,,
"Table 4. Number of jurisdictions that tested prisoners for HIV while in custody, by HIV testing practices, 2016 and 2020",,
"Report title: HIV in Prisons, 2020 – Statistical Tables NCJ 302601",,
"Data source: Bureau of Justice Statistics, National Prisoner Statistics, 2016 and 2020",,
"Author: Laura M. Maruschak, BJS Statistician",,
Refer questions to: askbjs@usdoj.gov 202-307-0765,,
Date of version: 5/26/22,,
,,
"Table 4. Number of jurisdictions that tested prisoners for HIV while in custody, by HIV testing practices, 2016 and 2020",,
,Number of jurisdictions/b,
HIV testing/a,2016,2020
Offered during routine medical exam,14,16
For high-risk groups,22,19
On prisoner request,43,45
On clinical indication,40,42
On court order,26,24
After involvement in an incident,35,36
Other/c,9,5
Do not test ,0,0
a/Jurisdictions could specify more than one testing practice.,,
"b/Jurisdictions refer to the 50 state prison systems and the Federal Bureau of Prisons. In 2016, 49 jurisdictions reported data on HIV testing practices for prisoners while in custody; 48 jurisdictions reported data in 2020. See appendix tables 8 and 9 for jurisdiction-level data. ",,
c/See appendix tables 8 and 9 for details on other testing practices.,,
"Source: Bureau of Justice Statistics, National Prisoner Statistics, 2016 and 2020.",,
