Bureau of Justice Statistics,,,,,,,,,,,,,,,,,,,,,
Filename: msfp0119stat01.csv,,,,,,,,,,,,,,,,,,,,,
"Appendix Table 1. Estimated number of state and federal prisoners in custody, by prisoner characteristics, 2001–2019",,,,,,,,,,,,,,,,,,,,,
"Report title: Mortality in State and Federal Prisons, 2001–2019 – Statistical Tables  NCJ 300953",,,,,,,,,,,,,,,,,,,,,
"Data Source: Bureau of Justice Statistics, Mortality in Correctional Institutions, 2001–2019, National Prisoner Statistics, 2001–2019, Survey of Inmates in State and Federal Correctional Facilities, 2004, and Survey of Prison Inmates, 2016; and Federal Bureau of Prisons, 2001–2019",,,,,,,,,,,,,,,,,,,,,
"Author: E. Ann Carson, Ph.D., BJS Statistician",,,,,,,,,,,,,,,,,,,,,
Refer questions to: askbjs@usdoj.gov 202-307-0765,,,,,,,,,,,,,,,,,,,,,
Date of version: 12/1/2021,,,,,,,,,,,,,,,,,,,,,
,,,,,,,,,,,,,,,,,,,,,
"Appendix Table 1. Estimated number of state and federal prisoners in custody, by prisoner characteristics, 2001–2019",,,,,,,,,,,,,,,,,,,,,
Characteristic,,"Custody population, 2001–2019",2001,2002,2003,2004,2005,2006,2007,2008,2009,2010,2011,2012,2013,2014,2015,2016,2017,2018,2019
,Total,"26,872,800","1,322,600","1,352,600","1,377,900","1,403,100","1,420,400","1,460,600","1,482,100","1,489,800","1,490,600","1,487,500","1,466,400","1,438,600","1,443,600","1,429,700","1,404,200","1,383,000","1,365,500","1,342,800","1,311,700"
Federal/a,,"3,053,100","137,100","143,500","151,900","158,900","159,300","163,100","166,000","165,300","171,000","173,100","176,200","176,500","173,800","169,500","160,700","154,200","154,600","151,500","147,000"
State/b,,"23,819,700","1,185,500","1,209,100","1,226,000","1,244,200","1,261,100","1,297,500","1,316,100","1,324,500","1,319,600","1,314,400","1,290,200","1,262,100","1,269,800","1,260,200","1,243,500","1,228,800","1,210,900","1,191,300","1,164,700"
Sex,,,,,,,,,,,,,,,,,,,,,
,Male,"22,148,200","1,109,400","1,129,000","1,143,300","1,158,100","1,172,800","1,205,400","1,222,500","1,230,600","1,227,500","1,222,900","1,201,100","1,175,700","1,180,900","1,170,000","1,154,400","1,139,900","1,122,400","1,102,900","1,079,300"
,Female,"1,671,500","76,100","80,100","82,700","86,100","88,300","92,100","93,600","93,900","92,100","91,500","89,100","86,400","88,900","90,200","89,100","88,900","88,500","88,400","85,400"
Race/ethnicity,,,,,,,,,,,,,,,,,,,,,
,White/c,"7,907,000","401,900","418,100","433,200","437,400","449,900","455,100","446,600","446,900","436,200","430,400","419,500","410,100","409,500","405,200","395,600","385,400","381,200","375,800","368,700"
,Black/c,"8,791,200","514,500","508,600","498,200","496,000","490,500","498,200","501,400","502,600","493,500","482,600","468,700","453,600","449,400","434,500","420,500","409,600","398,800","389,400","380,500"
,Hispanic,"4,740,600","208,300","217,000","223,900","231,300","232,800","244,800","259,100","256,900","263,700","267,100","261,900","253,300","257,900","257,900","258,000","266,000","264,600","261,800","254,200"
,American Indian/Alaska Native/c,"357,500","22,300","21,300","20,100","20,600","20,200","21,300","20,500","20,000","19,400","19,200","18,000","17,000","15,600","17,300","16,800","16,500","17,100","17,000","17,400"
,"Asian/c,d","251,400","11,800","11,700","12,900","12,200","12,000","12,100","12,800","13,000","13,200","13,100","13,400","13,300","13,400","13,700","14,500","14,700","14,600","14,800","14,400"
,"Other/c,e","1,771,700","26,800","32,300","37,700","46,600","55,700","66,000","75,800","85,100","93,600","102,000","108,700","114,800","124,000","131,500","138,100","136,600","134,600","132,400","129,400"
Age,,,,,,,,,,,,,,,,,,,,,
,17 or younger,"33,600","2,900","2,700","2,600","2,200","2,200","2,400","2,400","2,600","2,500","2,100","1,800","1,400","1,100","1,000",900,800,800,600,600
,18–24,"3,376,400","218,000","217,400","216,100","207,700","200,000","196,700","196,700","197,900","198,700","196,000","189,100","180,400","173,700","161,300","145,500","134,800","124,000","112,800","109,500"
,25–34,"7,862,400","401,700","405,800","408,800","416,200","420,600","431,900","437,700","439,200","437,300","434,800","424,400","413,800","415,300","417,700","407,700","400,000","393,000","382,800","373,800"
,35–44,"6,503,000","362,000","365,600","366,400","367,700","367,900","372,600","366,600","356,600","343,700","334,200","324,100","318,200","320,500","323,700","322,500","322,600","323,800","325,700","318,700"
,45–54,"4,113,700","153,000","165,300","175,900","189,200","203,700","220,200","232,200","240,600","243,500","245,600","242,300","238,000","236,500","235,000","229,400","224,900","218,200","212,300","208,000"
,55 or older,"1,947,000","47,800","52,400","56,200","61,100","66,700","73,800","80,400","87,600","93,900","101,700","108,500","115,300","123,100","131,100","139,100","145,600","151,200","157,100","154,200"
Note: Data are rounded to the nearest 100. Data may have been revised from previously published statistics. Details may not sum to totals due to missing data. All populations are based on a custody count as of December 31.,,,,,,,,,,,,,,,,,,,,,
a/Excludes prisoners in private federal facilities.,,,,,,,,,,,,,,,,,,,,,
b/Includes prisoners in private state facilities.,,,,,,,,,,,,,,,,,,,,,
"c/Excludes persons of Hispanic origin (e.g., “white” refers to non-Hispanic whites and “black” refers to non-Hispanic blacks).",,,,,,,,,,,,,,,,,,,,,
"d/Includes Asians, Native Hawaiians, and Other Pacific Islanders.",,,,,,,,,,,,,,,,,,,,,
e/Includes persons of two or more races and other races.,,,,,,,,,,,,,,,,,,,,,
"Source: Bureau of Justice Statistics, Mortality in Correctional Institutions, 2001–2019, National Prisoner Statistics, 2001–2019, Survey of Inmates in State and Federal Correctional Facilities, 2004, and Survey of Prison Inmates, 2016; and Federal Bureau of Prisons, 2001–2019.",,,,,,,,,,,,,,,,,,,,,
