Bureau of Justice Statistics,,,
Filename: msfp0119stf05.csv,,,
"Figure 5. Mortality rate per 100,000 state prisoners, by race or ethnicity, 2009 and 2019",,,
"Report title: Mortality in State and Federal Prisons, 2001–2019 – Statistical Tables  NCJ 300953",,,
"Data Source: Bureau of Justice Statistics, Mortality in Correctional Institutions, 2001–2019; National Prisoner Statistics, 2001–2019; Survey of Inmates in State Correctional Facilities, 2004; and Survey of Prison Inmates, 2016",,,
"Author: E. Ann Carson, Ph.D., BJS Statistician",,,
Refer questions to: askbjs@usdoj.gov 202-307-0765,,,
Date of version: 12/1/2021,,,
,,,
"Figure 5. Mortality rate per 100,000 state prisoners, by race or ethnicity, 2009 and 2019",,,
Race/ethnicity,,2009,2019
,White/a,407,581
,Black/a,243,309
,Hispanic,141,165
,American Indian/Alaska Native/a,160,253
,"Asian/a,b",151,174
Note: Mortality rates are based on the annual number of deaths and a 1-day custody population on December 31. See table 8 for rates.,,,
"a/Excludes persons of Hispanic origin (e.g., “white” refers to non-Hispanic whites and “black” refers to non-Hispanic blacks).",,,
"b/Includes Asians, Native Hawaiians, and Other Pacific Islanders.",,,
"Source: Bureau of Justice Statistics, Mortality in Correctional Institutions, 2001–2019; National Prisoner Statistics, 2001–2019; Survey of Inmates in State Correctional Facilities, 2004; and Survey of Prison Inmates, 2016.",,,
