Bureau of Justice Statistics,,,,,,,,,,,,,,,,,,,,,,
Filename: msfp0119stt17.csv,,,,,,,,,,,,,,,,,,,,,,
"Table 17. Average annual mortality rate per 100,000 state and federal prisoners, by cause of death and jurisdiction, 2001–19",,,,,,,,,,,,,,,,,,,,,,
"Report title: Mortality in State and Federal Prisons, 2001–2019 – Statistical Tables  NCJ 300953",,,,,,,,,,,,,,,,,,,,,,
"Data Source: Bureau of Justice Statistics, Mortality in Correctional Institutions, 2001–19, and National Prisoner Statistics, 2001–19; and Federal Bureau of Prisons, 2001–19",,,,,,,,,,,,,,,,,,,,,,
"Author: E. Ann Carson, Ph.D., BJS Statistician",,,,,,,,,,,,,,,,,,,,,,
Refer questions to: askbjs@usdoj.gov 202-307-0765,,,,,,,,,,,,,,,,,,,,,,
Date of version: 12/1/2021,,,,,,,,,,,,,,,,,,,,,,
,,,,,,,,,,,,,,,,,,,,,,
"Table 17. Average annual mortality rate per 100,000 state and federal prisoners, by cause of death and jurisdiction, 2001–19",,,,,,,,,,,,,,,,,,,,,,
,,,Illness,,,,,,,,,,,,,,,,,,,
Jurisdiction,,All causes/a,Heart disease,,Cancer,,Liver disease,,AIDS-related/b,,Respiratory disease,,All other illnesses/c,,Suicide,,Drug/alcohol intoxication,,Accident,,Homicide/d,
Federal/e,,233,...,,...,,...,,5,,...,,203,,11,,...,,4,,6,
State/f,,273,71,,75,,23,,8,,17,,42,,18,,6,,3,,6,
,Alabama,363,85,,91,,29,,8,,24,,64,,10,,6,,4,,13,
,Alaska/g,187,44,,30,,18,,1, !,4, !,25,,38,,10,,9, !,4, !
,Arizona,239,58,,63,,29,,5,,13,,29,,17,,12,,2,,8,
,Arkansas,370,121,,100,,25,,9,,18,,38,,24,,20,,5,,6,
,California,247,42,,61,,23,,4,,18,,50,,21,,14,,2,,11,
,Colorado,219,42,,46,,35,,0, !,16,,39,,20,,10,,4,,7,
,Connecticut/h,151,36,,21,,21,,3,,8, !,30,,25,,2, !,2, !,2, !
,Delaware/h,231,60,,52,,20,,17,,11,,29,,27,,5, !,1, !,2, !
,Florida,319,70,,93,,24,,17,,21,,56,,11,,10,,4,,9,
,Georgia,250,82,,63,,13,,9,,20,,32,,15,,1,,2,,9,
,Hawaii/h,175,33,,46,,17,,4, !,8,,25,,28,,4, !,2, !,7, !
,Idaho,220,58,,55,,18,,3, !,10,,33,,30,,4, !,4, !,3, !
,Illinois,198,57,,62,,10,,8,,11,,26,,16,,2,,2,,2,
,Indiana,257,69,,69,,22,,5,,17,,37,,18,,10,,4,,7,
,Iowa,182,40,,62,,10,,3, !,18,,24,,20,,2, !,1, !,1, !
,Kansas,269,75,,78,,29,,1, !,17,,38,,18,,5, !,5, !,2, !
,Kentucky,381,129,,123,,27,,12,,18,,53,,10,,1, !,2, !,2, !
,Louisiana/i,554,173,,160,,43,,31,,28,,76,,12,,3,,7,,3, !
,Maine,208,61,,61,,15, !,3, !,15, !,20, !,10, !,5, !,3, !,13, !
,Maryland,263,67,,56,,20,,26,,11,,29,,20,,16,,2, !,12,
,Massachusetts,341,97,,94,,32,,5,,15,,48,,32,,6,,6,,2, !
,Michigan,267,79,,91,,20,,5,,15,,28,,16,,5,,3,,3,
,Minnesota,147,31,,43,,20,,1, !,6,,27,,16,,2, !,1, !,1, !
,Mississippi,367,134,,91,,16,,8,,18,,52,,20,,2, !,4,,11,
,Missouri,269,73,,82,,27,,4,,16,,39,,12,,6,,2, !,4,
,Montana,286,57,,78,,44,,3, !,17,,44,,32,,5, !,2, !,3, !
,Nebraska,239,53,,56,,30,,5, !,12,,25,,23,,7, !,3, !,8, !
,Nevada,282,66,,68,,20,,4, !,14,,56,,17,,3, !,2, !,5,
,New Hampshire,259,55,,96,,24,,6, !,14, !,29,,24,,10, !,0,,0,
,New Jersey,234,75,,55,,14,,19,,14,,31,,12,,6,,2,,3,
,New Mexico,269,62,,71,,45,,3, !,14,,33,,23,,6, !,1, !,10,
,New York,250,67,,72,,18,,20,,12,,23,,23,,6,,3,,3,
,North Carolina,247,68,,82,,19,,11,,16,,32,,10,,2,,4,,3,
,North Dakota,77,15, !,18, !,7, !,4, !,0,,15, !,15, !,4, !,0,,0,
,Ohio,247,70,,85,,13,,4,,19,,34,,14,,3,,1, !,4,
,Oklahoma,340,91,,86,,36,,6,,19,,44,,20,,10,,7,,14,
,Oregon,249,53,,73,,34,,3, !,11,,31,,14,,5,,3, !,4,
,Pennsylvania,331,92,,97,,28,,4,,21,,61,,19,,3,,2,,2,
,Rhode Island/h,189,44,,35,,5, !,8, !,8, !,18,,44,,8, !,5, !,2, !
,South Carolina,319,121,,68,,20,,9,,13,,48,,19,,4,,2, !,15,
,South Dakota,216,54,,52,,28,,2, !,22,,20,,26,,2, !,6, !,5, !
,Tennessee,415,125,,114,,42,,11,,21,,54,,21,,10,,3,,10,
,Texas,274,69,,69,,28,,6,,22,,55,,18,,1,,3,,3,
,Utah,281,67,,62,,21,,0,,12,,51,,43,,5, !,4, !,10, !
,Vermont/h,209,54,,42,,31,,8, !,3, !,31,,31,,8, !,0,,0,
,Virginia,287,77,,97,,27,,9,,15,,38,,11,,5,,2,,3,
,Washington,209,47,,61,,22,,3, !,18,,32,,15,,3,,3,,2, !
,West Virginia,416,165,,110,,27,,6, !,18,,62,,12,,3, !,2, !,7, !
,Wisconsin,201,57,,64,,12,,3,,16,,22,,21,,3,,1, !,0, !
,Wyoming,289,107,,46,,38,,3, !,23, !,41,,23, !,5, !,3, !,0,
"Note: Data may have been revised from previously published statistics. Excludes executions. For execution data, see Capital Punishment, 2019 – Statistical Tables (NCJ 300381, BJS, June 2021). See Methodology. Mortality rates are per 100,000 prisoners held in the custody of state prisons or the Federal Bureau of Prisons (BOP). Mortality rates are based on the annual number of deaths and a 1-day custody population on December 31.",,,,,,,,,,,,,,,,,,,,,,
...Not available.,,,,,,,,,,,,,,,,,,,,,,
! Interpret with caution. Estimate is based on 10 or fewer cases. See Interpreting rates among small populations in Methodology.,,,,,,,,,,,,,,,,,,,,,,
a/Includes other causes not specified and missing and unknown causes.,,,,,,,,,,,,,,,,,,,,,,
b/Includes persons who died of illness and were identified as HIV-positive or having AIDS at the time of death.,,,,,,,,,,,,,,,,,,,,,,
"c/Includes other specified illnesses (such as cerebrovascular disease, influenza, and other nonleading natural causes of death) and unspecified illnesses. Includes natural and illness-related federal prisoner deaths for which the BOP could not provide details.",,,,,,,,,,,,,,,,,,,,,,
"d/Includes homicides committed by other prisoners, incidental to the use of force by staff, and resulting from assaults sustained prior to incarceration.",,,,,,,,,,,,,,,,,,,,,,
e/Excludes deaths in private federal facilities.,,,,,,,,,,,,,,,,,,,,,,
"f/Includes deaths in private state facilities. Includes nine prisoner deaths reported by the District of Columbia in 2001. As of December 30, 2001, sentenced felons from the District of Columbia were the responsibility of the BOP.",,,,,,,,,,,,,,,,,,,,,,
g/Prisons and jails form one integrated system. Counts include deaths only in state-operated prisons and jails and exclude deaths in 15 locally operated jails.,,,,,,,,,,,,,,,,,,,,,,
h/Prisons and jails form one integrated system. Data include total prison and jail population.,,,,,,,,,,,,,,,,,,,,,,
"i/From 2001 to 2019, Louisiana held between 44.5% and 57.9% of its prison population in local jails. Since the calculation of mortality rates is based on the custody populations, which exclude prisoners held in local jails, the mortality rates for Louisiana prisoners will be high because the prisoners held in jails are generally healthier according to the Louisiana Department of Corrections.",,,,,,,,,,,,,,,,,,,,,,
"Source: Bureau of Justice Statistics, Mortality in Correctional Institutions, 2001–19, and National Prisoner Statistics, 2001–19; and Federal Bureau of Prisons, 2001–19.",,,,,,,,,,,,,,,,,,,,,,
