site,total,pop_15_64,pop_18plus,ratio_1564_over_18p
"Miami-Dade, FL",2716940,1806008,2166213.2,0.8337166443266064
"Baltimore City, MD",593490,405255,471012.0,0.8603920919212249
"San Diego, CA",3338330,2254380,2615239.8,0.8620165538930694
"Philadelphia, PA",1584064,1071468,1236036.8,0.8668576857905849
"Essex (Newark), NJ",798975,529422,610462.2,0.8672478001094909
"Los Angeles, CA",10039107,6843765,7887008.4,0.8677263485607546
"Bronx, NY",1418207,936860,1069371.8,0.8760844450919689
"Monongalia, WV",105612,77006,85960.0,0.895835272219637
"Harris (Houston), TX",4713325,3156092,3475483.4,0.9081015895515427
