site,year,jail,prison,pop,jail_rate,pris_rate,tot_rate
"Los Angeles, CA",2019,16891.9375,40296.0,6878568.0,245.5734609296586,585.8196066390562,831.3930675687149
"San Diego, CA",2019,6284.9375,8672.0,2234487.0,281.2698171884643,388.09802876454415,669.3678459530084
"Miami-Dade, FL",2019,4184.25,6768.0,1805354.0,231.76894946918998,374.88492561569643,606.6538750848864
"Baltimore City, MD",2019,1891.0,5234.0,402594.0,469.7039697561315,1300.0690521965057,1769.7730219526372
"Essex (Newark), NJ",2019,2021.0,3348.0,571755.0,353.4730785039047,585.5654957105753,939.0385742144799
"Bronx, NY",2019,2090.24,2913.11,979137.0,213.47778707167635,297.5181205490141,510.99590762069045
"Philadelphia, PA",2019,4670.0,11407.0,1088371.0,429.0816274965062,1048.080112388147,1477.1617398846531
"Harris (Houston), TX",2019,8984.666666666668,21230.0,3154585.0,284.81295215271325,672.988681553992,957.8016337067053
"Monongalia, WV",2019,263.22,233.0,77683.0,338.8386133388258,299.93692313633613,638.775536475162
