site,year,jail,prison,pop,jail_rate,pris_rate,tot_rate,pop_18plus,q2019,k_tot,q2023,r2019,r2023,bek
"Bronx, NY",2019,2090.24,2913.11,979137.0,213.47778707167635,297.5181205490141,510.9959076206905,1069371.8,0.04491623960908638,0.7756585327830353,0.0348396645133152,1.0530732697737752,1.01656173423781,0.6721208269268936
"Miami-Dade, FL",2019,4184.25,6768.0,1805354.0,231.76894946919,374.8849256156964,606.6538750848864,2166213.2,0.048537050739050056,1.0084049852769978,0.04894500393590067,1.0664063655355556,1.0679157722961372,0.6219813451544213
"San Diego, CA",2019,6284.9375,8672.0,2234487.0,281.2698171884643,388.09802876454415,669.3678459530084,2615239.8,0.054903798879169706,0.8722585422316568,0.04789030757332464,1.0901305535681687,1.0640164371100997,0.5498552144802307
"Monongalia, WV",2019,263.22,233.0,77683.0,338.8386133388258,299.93692313633613,638.775536475162,85960.0,0.05541777570963239,1.0275834105840151,0.05694638697068404,1.0920614940019577,1.0978182883872603,0.5447555359612613
"Los Angeles, CA",2019,16891.9375,40296.0,6878568.0,245.5734609296586,585.8196066390562,831.3930675687149,7887008.4,0.06960867443731897,0.9311774194077205,0.06481802583093484,1.1463242456822795,1.127798771761407,0.4336979600966455
"Harris (Houston), TX",2019,8984.666666666668,21230.0,3154585.0,284.81295215271325,672.988681553992,957.8016337067052,3475483.4,0.08345912398833498,0.9747243060765192,0.08134963671528399,1.2011087437858017,1.192645166601831,0.3617236638233275
"Essex (Newark), NJ",2019,2021.0,3348.0,571755.0,353.4730785039047,585.5654957105753,939.03857421448,610462.2,0.08443176334259517,1.0319957161482585,0.08713321807640177,1.2050258391353883,1.2159544223050471,0.3575566695918179
"Philadelphia, PA",2019,4670.0,11407.0,1088371.0,429.0816274965062,1048.080112388147,1477.1617398846531,1236036.8,0.124866185213903,0.9959333208932014,0.12435839450734798,1.3765064789790744,1.374243349672427,0.24177194215384448
"Baltimore City, MD",2019,1891.0,5234.0,402594.0,469.7039697561315,1300.0690521965057,1769.7730219526372,471012.0,0.14521923008330997,1.0013270175438596,0.14541193854933632,1.4696782021240045,1.4705839134502539,0.2078866558594763
