site,year,jail,prison,pop,jail_rate,pris_rate,tot_rate,pop_18plus,qJ,qP,jail_share,r_split_19,r_single_19,qJ23,r_split_23,r_single_23
"Bronx, NY",2019,2090.24,2913.11,979137.0,213.47778707167635,297.5181205490141,510.9959076206905,1069371.8,0.018764571872944464,0.02615166773614191,0.41776809537609794,0.9832602850410405,1.0530732697737752,0.008687996777173287,0.9464593580768668,1.01656173423781
"San Diego, CA",2019,6284.9375,8672.0,2234487.0,281.2698171884643,388.09802876454415,669.3678459530084,2615239.8,0.02307069508501668,0.03183310379415303,0.42020216371165553,1.004159935506996,1.090130553568169,0.016057203779171608,0.9779791260047767,1.0640164371100995
"Miami-Dade, FL",2019,4184.25,6768.0,1805354.0,231.76894946919,374.8849256156964,606.6538750848864,2166213.2,0.018543327129573392,0.029993723609476663,0.38204478531808533,0.9856597936783497,1.0664063655355556,0.018951280326424007,0.9871756127296941,1.0679157722961372
"Los Angeles, CA",2019,16891.9375,40296.0,6878568.0,245.5734609296586,585.8196066390562,831.3930675687149,7887008.4,0.020560723632549953,0.049047950804769015,0.2953758823702988,1.0097949647034536,1.1463242456822795,0.015770075026165814,0.9915077791127698,1.127798771761407
"Harris (Houston), TX",2019,8984.666666666668,21230.0,3154585.0,284.81295215271325,672.988681553992,957.8016337067052,3475483.4,0.02481749733001171,0.05864162665832327,0.2973611049821279,1.0351365012290326,1.2011087437858017,0.022708010056960715,1.0268551480591421,1.192645166601831
"Monongalia, WV",2019,263.22,233.0,77683.0,338.8386133388258,299.93692313633613,638.775536475162,85960.0,0.029396370404839462,0.026021405304792928,0.530450203538753,1.0229190040370173,1.0920614940019575,0.030924981665891114,1.028718447215685,1.0978182883872605
"Essex (Newark), NJ",2019,2021.0,3348.0,571755.0,353.4730785039047,585.5654957105753,939.03857421448,610462.2,0.031781820397724876,0.0526499429448703,0.376420189979512,1.056930892315726,1.2050258391353883,0.03448327513153149,1.0676793866719156,1.2159544223050471
"Philadelphia, PA",2019,4670.0,11407.0,1088371.0,429.0816274965062,1048.080112388147,1477.1617398846531,1236036.8,0.03627076475392965,0.08859542045997336,0.290477079057038,1.1123647912325823,1.3765064789790744,0.035762974047374635,1.1102098939076883,1.374243349672427
"Baltimore City, MD",2019,1891.0,5234.0,402594.0,469.7039697561315,1300.0690521965057,1769.7730219526372,471012.0,0.03854169320526865,0.10667753687804132,0.2654035087719298,1.142603184801777,1.4696782021240045,0.03873440167129499,1.1434516311849852,1.470583913450254
